<?xml version="1.0" encoding="utf-8" ?>
<modification>
    <name>Catalog display module</name>
    <code>catalog_display</code>
    <version>3.x</version>
    <author>Garbuzov Alexandr</author>

    <file path="admin/controller/catalog/product.php">
        <operation>
            <search><![CDATA[$this->load->model('catalog/recurring');]]></search>
            <add position="before"><![CDATA[
            if (isset($this->request->post['show_in_catalog'])) {
                $data['show_in_catalog'] = $this->request->post['show_in_catalog'];
            } elseif (!empty($product_info)) {
                $data['show_in_catalog'] = $product_info['show_in_catalog'];
            } else {
                $data['show_in_catalog'] = 0;
            }]]></add>
        </operation>
    </file>

    <file path="admin/model/catalog/product.php">
        <operation>
            <search index="1"><![CDATA[sort_order = '" . (int)$data['sort_order'] . "',]]></search>
            <add position="replace"><![CDATA[sort_order = '" . (int)$data['sort_order'] . "', show_in_catalog = '" . (int)$data['show_in_catalog'] . "',]]></add>
        </operation>
    </file>

    <file path="admin/view/template/catalog/product_form.twig">
        <operation>
            <search><![CDATA[<input type="text" name="sort_order" value="{{ sort_order }}" placeholder="{{ entry_sort_order }}" id="input-sort-order" class="form-control"/>]]></search>
            <add position="after" offset="2"><![CDATA[<div class="form-group">
                <label class="col-sm-2 control-label">{{ entry_show_in_catalog }}</label>
                <div class="col-sm-10">
                  <label class="radio-inline">
                    {% if show_in_catalog %}
                      <input type="radio" name="show_in_catalog" value="1" checked="checked"/>
                      {{ text_yes }}
                    {% else %}
                      <input type="radio" name="show_in_catalog" value="1"/>
                      {{ text_yes }}
                    {% endif %}
                  </label>
                  <label class="radio-inline">
                    {% if not show_in_catalog %}
                      <input type="radio" name="show_in_catalog" value="0" checked="checked"/>
                      {{ text_no }}
                    {% else %}
                      <input type="radio" name="show_in_catalog" value="0"/>
                      {{ text_no }}
                    {% endif %}
                  </label>
                </div>
              </div>]]></add>
        </operation>
    </file>

    <file path="admin/language/en-gb/catalog/product.php">
        <operation>
            <search><![CDATA[$_['entry_recurring']        = 'Recurring Profile';]]></search>
            <add position="after"><![CDATA[$_['entry_show_in_catalog'] = 'Show in catalog';]]></add>
        </operation>
    </file>
</modification>